id,amount,source_account,dest_account,timestamp,category,priority
1,8526.13,ACC0670,ACC0175,1720719320005,REFUND,4
2,2506.74,ACC0883,ACC0746,1713775324658,TRANSFER,3
3,48.39,ACC0471,ACC0838,1705686559902,WITHDRAWAL,1
4,1865.03,ACC0784,ACC0531,1704924913623,TRANSFER,5
5,3201.42,ACC0450,ACC0038,1705692361607,WITHDRAWAL,3
6,2103.01,ACC0304,ACC0739,1731221700173,WITHDRAWAL,2
7,756.20,ACC0660,ACC0681,1725984309658,INTEREST,1
8,9423.52,ACC0138,ACC0111,1704568190687,REFUND,3
9,785.05,ACC0720,ACC0935,1712866179338,DEPOSIT,1
10,1214.72,ACC0996,ACC0563,1733037118299,PURCHASE,3
11,3236.35,ACC0730,ACC0296,1718289777157,FEE,4
12,4324.60,ACC0546,ACC0296,1707257186746,DEPOSIT,2
13,945.48,ACC0476,ACC0822,1708177456844,INTEREST,1
14,2239.59,ACC0413,ACC0164,1724769322430,REFUND,2
15,3270.52,ACC0793,ACC0393,1708222155752,FEE,2
16,1214.72,ACC0996,ACC0563,1733037120050,PURCHASE,3
17,6043.29,ACC0490,ACC0185,1705568443854,DEPOSIT,4
18,3372.63,ACC0030,ACC0221,1735484694218,WITHDRAWAL,5
19,5614.03,ACC0293,ACC0395,1717804313856,PURCHASE,4
20,8957.46,ACC0328,ACC0496,1723384370164,WITHDRAWAL,3
21,2994.81,ACC0321,ACC0670,1711052312386,TRANSFER,4
22,3144.81,ACC0043,ACC0578,1710634784670,PURCHASE,2
23,8118.88,ACC0440,ACC0155,1731503754051,WITHDRAWAL,5
24,1474.49,ACC0619,ACC0808,1710657613522,PURCHASE,3
25,8596.23,ACC0844,ACC0744,1705760409650,PAYMENT,1
26,7610.39,ACC0992,ACC0816,1724040343760,FEE,5
27,4474.60,ACC0879,ACC0681,1715111308385,INTEREST,4
28,1524.43,ACC0366,ACC0020,1706770991397,DEPOSIT,4
29,4667.81,ACC0708,ACC0146,1712703310884,TRANSFER,1
30,5691.95,ACC0717,ACC0794,1728884174843,TRANSFER,4
31,4695.59,ACC0460,ACC0426,1714563363163,REFUND,1
32,5310.27,ACC0548,ACC0648,1717892175246,TRANSFER,1
33,702.29,ACC0871,ACC0431,1719956381240,PAYMENT,5
34,2304.80,ACC0703,ACC0565,1707059225090,INTEREST,4
35,5492.59,ACC0805,ACC0528,1709659066101,PAYMENT,1
36,6724.68,ACC0669,ACC0562,1734951097577,PAYMENT,2
37,8332.68,ACC0537,ACC0205,1733928151208,INTEREST,2
38,9354.11,ACC0685,ACC0569,1729678734710,REFUND,3
39,6875.90,ACC0555,ACC0547,1734645163606,INTEREST,4
40,6682.52,ACC0865,ACC0387,1731829443720,REFUND,5
41,5333.28,ACC0837,ACC0618,1731507064246,DEPOSIT,1
42,4871.58,ACC0275,ACC0631,1728454713707,DEPOSIT,4
43,9026.56,ACC0545,ACC0472,1706360174109,PURCHASE,5
44,4433.40,ACC0616,ACC0718,1720443363326,PAYMENT,1
45,3759.81,ACC0829,ACC0838,1725676363824,PAYMENT,1
46,2704.03,ACC0857,ACC0627,1732810268150,INTEREST,2
47,2405.62,ACC0481,ACC0279,1712293135245,DEPOSIT,3
48,1099.69,ACC0782,ACC0690,1733116006465,PAYMENT,1
49,2409.14,ACC0230,ACC0991,1722446118018,FEE,2
50,7349.76,ACC0799,ACC0376,1710531992085,FEE,3
51,7727.82,ACC0432,ACC0871,1729115967835,PURCHASE,5
52,5525.66,ACC0675,ACC0207,1728421656393,TRANSFER,1
53,5558.75,ACC0206,ACC0923,1720566482032,DEPOSIT,1
54,2846.61,ACC0048,ACC0327,1726580816911,FEE,2
55,1834.64,ACC0643,ACC0508,1710024295417,FEE,1
56,2124.50,ACC0472,ACC0509,1723661425293,PURCHASE,4
57,8294.05,ACC0347,ACC0205,1720450967213,FEE,3
58,4998.41,ACC0035,ACC0862,1715565143818,PURCHASE,2
59,6661.87,ACC0065,ACC0902,1728201033040,DEPOSIT,5
60,5493.80,ACC0482,ACC0513,1719100052659,PURCHASE,3
61,1214.72,ACC0996,ACC0563,1733037119681,PURCHASE,3
62,7260.47,ACC0932,ACC0280,1723613130409,INTEREST,3
63,4954.26,ACC0443,ACC0469,1727904387606,PAYMENT,4
64,8332.89,ACC0480,ACC0009,1732859272722,PAYMENT,3
65,5556.02,ACC0611,ACC0852,1725073640841,INTEREST,5
66,9574.70,ACC0812,ACC0160,1706889420396,INTEREST,1
67,6795.08,ACC0777,ACC0328,1730648643483,PURCHASE,5
68,1569.86,ACC0375,ACC0725,1705660694614,TRANSFER,2
69,6357.91,ACC0975,ACC0410,1729129606677,DEPOSIT,1
70,2551.22,ACC0593,ACC0900,1718831969988,PURCHASE,5
71,4651.46,ACC0530,ACC0996,1709527760194,WITHDRAWAL,1
72,4343.41,ACC0597,ACC0835,1716460403683,WITHDRAWAL,1
73,6797.33,ACC0709,ACC0567,1721351742752,DEPOSIT,5
74,60000.00,ACC0061,ACC0096,1732830589477,PAYMENT,1
75,7453.56,ACC0635,ACC0002,1716896838948,FEE,2
76,6530.09,ACC0050,ACC0627,1722712543832,FEE,3
77,4118.06,ACC0591,ACC0195,1708341531958,DEPOSIT,4
78,9433.70,ACC0432,ACC0597,1714762672209,DEPOSIT,5
79,3440.11,ACC0910,ACC0509,1733080208605,TRANSFER,1
80,5062.59,ACC0976,ACC0022,1724678487325,WITHDRAWAL,5
81,2246.58,ACC0946,ACC0307,1720272762021,PURCHASE,2
82,6274.00,ACC0316,ACC0511,1715594369469,PURCHASE,1
83,6594.58,ACC0541,ACC0889,1722639628862,FEE,3
84,5884.78,ACC0661,ACC0626,1716993092059,TRANSFER,1
85,3272.44,ACC0019,ACC0126,1724591627448,REFUND,1
86,1374.56,ACC0709,ACC0216,1712882907502,WITHDRAWAL,2
87,4683.42,ACC0816,ACC0085,1710372916176,REFUND,5
88,4663.15,ACC0175,ACC0662,1723422189163,FEE,5
89,1632.19,ACC0902,ACC0574,1709564209885,PAYMENT,5
90,5232.16,ACC0599,ACC0977,1720696361276,DEPOSIT,3
91,888.90,ACC0226,ACC0921,1716336448049,DEPOSIT,3
92,3724.56,ACC0337,ACC0645,1731628780777,INTEREST,2
93,5171.91,ACC0729,ACC0572,1716990234448,INTEREST,2
94,1554.05,ACC0049,ACC0122,1714786121615,FEE,3
95,9970.43,ACC0726,ACC0439,1715088583928,DEPOSIT,2
96,1136.71,ACC0845,ACC0378,1707797125703,INTEREST,1
97,663.79,ACC0620,ACC0877,1710067462280,FEE,2
98,4180.50,ACC0021,ACC0395,1705726895578,PURCHASE,3
99,9623.54,ACC0766,ACC0230,1708003421202,TRANSFER,4
100,8521.90,ACC0888,ACC0246,1726406214926,WITHDRAWAL,5
101,60000.00,ACC0842,ACC0909,1733537526600,TRANSFER,1
102,3272.44,ACC0019,ACC0126,1724591628713,REFUND,1
103,6883.53,ACC0794,ACC0015,1730864419677,TRANSFER,3
104,2750.59,ACC0901,ACC0992,1721673795656,TRANSFER,1
105,9262.43,ACC0338,ACC0953,1734093453788,FEE,1
106,698.65,ACC0638,ACC0544,1723048963347,DEPOSIT,3
107,6849.50,ACC0624,ACC0418,1729623206663,TRANSFER,3
108,1999.07,ACC0231,ACC0607,1723320186496,WITHDRAWAL,3
109,4296.02,ACC0725,ACC0081,1723750810468,DEPOSIT,4
110,4861.03,ACC0779,ACC0147,1718580533401,DEPOSIT,3
111,9221.47,ACC0433,ACC0924,1732708752287,PAYMENT,3
112,4936.67,ACC0799,ACC0344,1726954240157,REFUND,5
113,7410.77,ACC0460,ACC0297,1712536186722,REFUND,2
114,7094.75,ACC0156,ACC0258,1705277573812,FEE,1
115,4535.43,ACC0336,ACC0643,1722764047697,REFUND,4
116,6663.97,ACC0482,ACC0368,1722988910965,INTEREST,2
117,2927.47,ACC0680,ACC0355,1710065637061,DEPOSIT,4
118,8704.14,ACC0906,ACC0595,1720144178849,PURCHASE,5
119,6064.08,ACC0019,ACC0130,1727054817523,TRANSFER,2
120,9690.04,ACC0482,ACC0717,1731205226765,FEE,2
121,2564.55,ACC0059,ACC0723,1727860096855,INTEREST,3
122,6359.93,ACC0275,ACC0893,1729256226602,DEPOSIT,4
123,4079.55,ACC0959,ACC0820,1706789665814,INTEREST,4
124,1195.52,ACC0840,ACC0393,1721986377074,FEE,3
125,453.60,ACC0288,ACC0967,1734440985152,WITHDRAWAL,3
126,8777.74,ACC0287,ACC0288,1735574814297,DEPOSIT,2
127,2260.50,ACC0896,ACC0989,1724384944239,PURCHASE,4
128,4613.59,ACC0593,ACC0354,1719535698071,PURCHASE,3
129,6841.19,ACC0811,ACC0619,1708383694053,REFUND,1
130,5315.72,ACC0756,ACC0279,1704991817751,PURCHASE,1
131,2364.04,ACC0620,ACC0561,1720704519373,FEE,5
132,60000.00,ACC0826,ACC0789,1720617541877,PAYMENT,2
133,4631.97,ACC0132,ACC0287,1723772389582,DEPOSIT,4
134,8584.47,ACC0912,ACC0704,1731085747895,REFUND,1
135,6225.51,ACC0278,ACC0969,1734701299875,DEPOSIT,5
136,710.30,ACC0301,ACC0517,1724145828400,INTEREST,4
137,9939.53,ACC0804,ACC0860,1723067717317,INTEREST,2
138,3689.69,ACC0201,ACC0740,1710703482336,DEPOSIT,2
139,217.37,ACC0147,ACC0190,1733898110244,INTEREST,2
140,7442.81,ACC0226,ACC0332,1709447035426,WITHDRAWAL,5
141,8378.35,ACC0696,ACC0720,1711820279107,REFUND,3
142,1585.34,ACC0563,ACC0823,1714725384970,INTEREST,5
143,1990.08,ACC0509,ACC0888,1716723709716,FEE,1
144,3869.23,ACC0131,ACC0630,1731697297777,TRANSFER,1
145,2436.83,ACC0939,ACC0900,1716604605355,PURCHASE,2
146,2634.30,ACC0689,ACC0473,1719271571794,INTEREST,3
147,5112.08,ACC0652,ACC0117,1708673642164,WITHDRAWAL,5
148,2199.40,ACC0481,ACC0404,1714811630499,WITHDRAWAL,3
149,7432.27,ACC0134,ACC0024,1712987038237,TRANSFER,3
150,6303.86,ACC0417,ACC0634,1710993271885,INTEREST,1
151,5156.70,ACC0613,ACC0343,1724831135798,WITHDRAWAL,2
152,3719.52,ACC0461,ACC0136,1719743158123,REFUND,2
153,2436.19,ACC0782,ACC0044,1717720814600,FEE,4
154,5632.15,ACC0127,ACC0186,1730205914459,TRANSFER,3
155,5721.01,ACC0495,ACC0825,1723734322077,PURCHASE,2
156,9338.87,ACC0770,ACC0802,1724359875672,TRANSFER,1
157,7145.61,ACC0484,ACC0548,1713240075842,WITHDRAWAL,5
158,9947.17,ACC0876,ACC0734,1704461185119,WITHDRAWAL,5
159,552.63,ACC0427,ACC0281,1730488509625,FEE,4
160,3375.64,ACC0610,ACC0332,1719326951497,FEE,4
161,1812.18,ACC0103,ACC0494,1710858985520,FEE,3
162,6339.10,ACC0740,ACC0287,1709088467819,PAYMENT,1
163,451.97,ACC0078,ACC0288,1719565914708,PURCHASE,1
164,4802.11,ACC0472,ACC0376,1706766974276,INTEREST,3
165,804.99,ACC0035,ACC0191,1727100168749,DEPOSIT,2
166,7548.86,ACC0117,ACC0165,1718094730284,INTEREST,3
167,9669.96,ACC0583,ACC1000,1718687146745,PURCHASE,3
168,6704.17,ACC0180,ACC0915,1733750851491,WITHDRAWAL,3
169,2136.69,ACC0186,ACC0664,1733380628876,PURCHASE,5
170,3618.52,ACC0399,ACC0363,1720205942998,INTEREST,4
171,1520.88,ACC0095,ACC0801,1720312308449,PAYMENT,4
172,4699.55,ACC0653,ACC0731,1731928612830,TRANSFER,4
173,9686.61,ACC0784,ACC0563,1710067051510,PURCHASE,1
174,5687.92,ACC0955,ACC0272,1709568983822,DEPOSIT,3
175,5386.42,ACC0147,ACC0996,1734493928367,WITHDRAWAL,2
176,2514.17,ACC0281,ACC0296,1707443532150,INTEREST,1
177,1686.68,ACC0927,ACC0429,1721045249086,DEPOSIT,5
178,5494.14,ACC0444,ACC0050,1713465222447,PAYMENT,5
179,5082.65,ACC0267,ACC0306,1722154805369,DEPOSIT,1
180,474.90,ACC0344,ACC0875,1721154713872,TRANSFER,1
181,7609.72,ACC0185,ACC0304,1714227962030,TRANSFER,2
182,3672.34,ACC0131,ACC0188,1710308101977,TRANSFER,5
183,7273.13,ACC0209,ACC0893,1720714510309,DEPOSIT,1
184,1540.50,ACC0793,ACC0654,1706413906579,PAYMENT,1
185,3723.14,ACC0749,ACC0170,1713990964791,PAYMENT,5
186,6966.87,ACC0460,ACC0347,1708239541512,WITHDRAWAL,4
187,229.16,ACC0321,ACC0479,1725962096037,PAYMENT,5
188,5957.80,ACC0540,ACC0944,1710026116285,PAYMENT,4
189,8592.12,ACC0515,ACC0004,1732419479560,FEE,2
190,4146.24,ACC0155,ACC0665,1716430116924,REFUND,1
191,355.75,ACC0881,ACC0350,1713549611841,FEE,5
192,1763.83,ACC0837,ACC0978,1726990674696,TRANSFER,5
193,5571.22,ACC0293,ACC0096,1730505844038,INTEREST,1
194,5153.92,ACC0679,ACC0140,1724947330898,REFUND,4
195,859.76,ACC0455,ACC0143,1715118892819,FEE,1
196,1117.48,ACC0928,ACC0044,1728903139209,TRANSFER,2
197,5500.18,ACC0988,ACC0671,1725784836712,PURCHASE,4
198,6308.54,ACC0949,ACC0173,1705616183299,INTEREST,5
199,5520.68,ACC0669,ACC0487,1728938036395,PAYMENT,5
200,9435.37,ACC0992,ACC0682,1726760640291,DEPOSIT,3
201,8116.82,ACC0242,ACC0680,1727027477244,DEPOSIT,1
202,8149.96,ACC0760,ACC0244,1731612044735,WITHDRAWAL,1
203,8995.99,ACC0269,ACC0558,1714197054886,DEPOSIT,1
204,977.04,ACC0127,ACC0191,1730363321009,TRANSFER,1
205,3198.86,ACC0057,ACC0603,1725048441815,DEPOSIT,1
206,1345.22,ACC0793,ACC0047,1717289974828,REFUND,4
207,4840.84,ACC0411,ACC0725,1719011650996,INTEREST,4
208,9275.37,ACC0628,ACC0151,1731962507883,INTEREST,1
209,4390.43,ACC0547,ACC0454,1712793073970,WITHDRAWAL,2
210,2647.01,ACC0812,ACC0538,1710002585256,DEPOSIT,2
211,9232.93,ACC0417,ACC0210,1715620485331,REFUND,4
212,8777.04,ACC0255,ACC0044,1722197304005,INTEREST,3
213,6527.65,ACC0692,ACC0460,1716352282731,REFUND,5
214,7265.69,ACC0050,ACC0753,1725254957980,PURCHASE,3
215,3252.81,ACC0936,ACC0993,1712362318471,FEE,1
216,6452.78,ACC0019,ACC0965,1709660637249,PAYMENT,1
217,8543.84,ACC0251,ACC0049,1704578027014,INTEREST,4
218,3822.08,ACC0867,ACC0953,1725280500695,TRANSFER,4
219,5534.88,ACC0306,ACC0547,1712362291118,PURCHASE,1
220,6701.69,ACC0682,ACC0526,1723841035141,WITHDRAWAL,3
221,1247.68,ACC0317,ACC0176,1711475760228,PAYMENT,5
222,6942.53,ACC0470,ACC0850,1731614767684,PAYMENT,5
223,1959.26,ACC0489,ACC0333,1719607176799,DEPOSIT,3
224,3877.16,ACC0449,ACC0136,1705897653678,TRANSFER,3
225,3286.48,ACC0242,ACC0580,1705637158460,DEPOSIT,1
226,7218.64,ACC0655,ACC0977,1715331444573,REFUND,3
227,2303.61,ACC0104,ACC0128,1713303010934,REFUND,3
228,2261.61,ACC0335,ACC0270,1732856526919,REFUND,1
229,7541.70,ACC0302,ACC0989,1709723576325,PURCHASE,5
230,4291.31,ACC0901,ACC0031,1724461599221,WITHDRAWAL,4
231,9041.50,ACC0226,ACC0980,1714777742852,REFUND,2
232,4776.55,ACC0135,ACC0689,1718266460985,TRANSFER,5
233,8240.43,ACC0879,ACC0481,1721768385652,PURCHASE,1
234,861.95,ACC0598,ACC0562,1704779931303,DEPOSIT,2
235,1377.69,ACC0237,ACC0129,1712527012873,FEE,1
236,9529.67,ACC0568,ACC0216,1723703261289,TRANSFER,3
237,4840.84,ACC0411,ACC0725,1719011652492,INTEREST,4
238,6276.19,ACC0145,ACC0099,1724575328322,PAYMENT,3
239,9232.93,ACC0417,ACC0210,1715620486296,REFUND,4
240,7577.81,ACC0558,ACC0190,1731861258328,FEE,2
241,3186.60,ACC0267,ACC0485,1735355501624,INTEREST,3
242,63.68,ACC0092,ACC0027,1708627826583,INTEREST,3
243,2288.47,ACC0775,ACC0014,1717936944085,REFUND,5
244,6314.72,ACC0474,ACC0263,1708323426571,FEE,3
245,3531.84,ACC0829,ACC0009,1727649613237,PAYMENT,5
246,7633.10,ACC0555,ACC0326,1732041526862,INTEREST,3
247,6326.38,ACC0609,ACC0171,1718916169580,REFUND,1
248,31.79,ACC0228,ACC0765,1708471921706,INTEREST,5
249,9810.01,ACC0377,ACC0983,1705198798044,REFUND,1
250,8842.16,ACC0556,ACC0511,1714751285069,DEPOSIT,3
251,6345.90,ACC0478,ACC0400,1706346282316,PURCHASE,4
252,8420.08,ACC0548,ACC0907,1727086865505,FEE,1
253,5368.50,ACC0693,ACC0466,1731109006837,PURCHASE,1
254,9792.56,ACC0044,ACC0635,1725633232383,DEPOSIT,5
255,2091.40,ACC0059,ACC0541,1711577274979,PAYMENT,5
256,4758.00,ACC0151,ACC0106,1724050050062,PAYMENT,1
257,2290.25,ACC0153,ACC0727,1705175660262,FEE,2
258,255.74,ACC0561,ACC0422,1733262287088,TRANSFER,5
259,443.73,ACC0482,ACC0137,1735140822179,PAYMENT,2
260,8024.84,ACC0985,ACC0319,1721065477968,PAYMENT,5
261,8842.16,ACC0556,ACC0511,1714751286273,DEPOSIT,3
262,1758.03,ACC0817,ACC0575,1705917863940,TRANSFER,2
263,4954.28,ACC0645,ACC0206,1713834286135,TRANSFER,2
264,7491.39,ACC0777,ACC0891,1718856685242,DEPOSIT,1
265,1903.38,ACC0828,ACC0355,1723395125285,WITHDRAWAL,5
266,60000.00,ACC0933,ACC0868,1721990808447,FEE,3
267,2006.12,ACC0913,ACC0394,1734522810329,INTEREST,4
268,4919.00,ACC0195,ACC0803,1729127737871,REFUND,5
269,3651.82,ACC0712,ACC0932,1731156763585,DEPOSIT,4
270,6490.43,ACC0686,ACC0913,1707174021534,REFUND,4
271,6979.91,ACC0780,ACC0064,1715454179802,INTEREST,2
272,6975.51,ACC0914,ACC0532,1715151954338,WITHDRAWAL,1
273,8640.03,ACC0972,ACC0898,1725400687154,TRANSFER,3
274,1085.04,ACC0825,ACC0369,1719278416067,REFUND,4
275,6904.95,ACC0596,ACC0398,1704569682311,FEE,4
276,3212.12,ACC0254,ACC0328,1709764444911,FEE,3
277,4288.46,ACC0028,ACC0348,1706785070570,PURCHASE,1
278,7919.48,ACC0085,ACC0947,1732167151546,WITHDRAWAL,1
279,8497.36,ACC0747,ACC0596,1714256427215,WITHDRAWAL,4
280,3710.70,ACC0695,ACC0313,1735290891275,DEPOSIT,5
281,938.98,ACC0030,ACC0613,1734537270005,PAYMENT,4
282,6925.80,ACC0422,ACC0298,1725302504678,FEE,3
283,4025.40,ACC0263,ACC0795,1719999687817,FEE,4
284,8485.45,ACC0643,ACC0909,1707806956597,TRANSFER,2
285,4828.76,ACC0079,ACC0979,1721452793111,DEPOSIT,2
286,1758.03,ACC0817,ACC0575,1705917864367,TRANSFER,2
287,8597.87,ACC0664,ACC0424,1717562173847,REFUND,3
288,5305.85,ACC0138,ACC0127,1711561600575,REFUND,1
289,1755.29,ACC0379,ACC0287,1713736351045,INTEREST,1
290,4798.58,ACC0253,ACC0271,1722601983894,PURCHASE,5
291,618.65,ACC0239,ACC0812,1726515222365,DEPOSIT,2
292,4056.26,ACC0866,ACC0290,1709842411559,DEPOSIT,3
293,8622.86,ACC0802,ACC0218,1723027745556,INTEREST,2
294,5626.20,ACC0839,ACC0797,1729582833703,PAYMENT,1
295,9838.53,ACC0603,ACC0162,1711378187079,FEE,2
296,3892.92,ACC0479,ACC0077,1705724537626,DEPOSIT,3
297,6842.09,ACC0358,ACC0566,1706887345656,WITHDRAWAL,2
298,1193.17,ACC0743,ACC0320,1717835301746,FEE,1
299,563.27,ACC0907,ACC0710,1715988231669,TRANSFER,5
300,3066.97,ACC0065,ACC0670,1711885333380,DEPOSIT,3
301,8186.17,ACC0717,ACC0862,1735596161848,INTEREST,1
302,5201.11,ACC0186,ACC0082,1718512771589,FEE,3
303,8356.56,ACC0598,ACC0165,1716201990664,REFUND,2
304,1695.96,ACC0988,ACC0342,1713528667088,PAYMENT,4
305,3686.59,ACC0738,ACC0060,1732835237777,REFUND,2
306,7595.87,ACC0371,ACC0922,1713502192024,WITHDRAWAL,5
307,7890.97,ACC0580,ACC0908,1732422600291,FEE,2
308,3558.04,ACC0362,ACC0052,1735579898695,REFUND,3
309,2912.81,ACC0672,ACC0657,1713962861422,DEPOSIT,4
310,7507.35,ACC0011,ACC0829,1720193493625,REFUND,5
311,304.86,ACC0245,ACC0687,1715152303557,WITHDRAWAL,5
312,8740.96,ACC0413,ACC0398,1720350295678,REFUND,5
313,5254.01,ACC0833,ACC0238,1725600011337,FEE,1
314,651.75,ACC0276,ACC0199,1711371915591,DEPOSIT,5
315,7702.48,ACC0062,ACC0102,1716119432202,TRANSFER,5
316,60000.00,ACC0496,ACC0532,1711765219208,TRANSFER,1
317,3911.56,ACC0988,ACC0040,1710201249611,DEPOSIT,1
318,8174.93,ACC0001,ACC0074,1724614318950,FEE,5
319,7522.88,ACC0170,ACC0423,1706845290430,PURCHASE,2
320,8782.04,ACC0111,ACC0335,1734441195982,WITHDRAWAL,3
321,8060.98,ACC0141,ACC0160,1724153334960,REFUND,4
322,3292.17,ACC0872,ACC0208,1735000626503,INTEREST,2
323,2330.42,ACC0294,ACC0196,1707020679741,PAYMENT,1
324,3466.23,ACC0840,ACC0782,1733226585031,WITHDRAWAL,1
325,8961.92,ACC0553,ACC0348,1724609225496,PAYMENT,3
326,7025.12,ACC0384,ACC0166,1731217175316,TRANSFER,5
327,902.52,ACC0027,ACC0053,1729428017139,REFUND,1
328,6143.01,ACC0664,ACC0780,1710335371030,PAYMENT,2
329,9459.61,ACC0973,ACC0339,1710893460964,DEPOSIT,3
330,7862.82,ACC0986,ACC0101,1708914709470,WITHDRAWAL,5
331,7620.00,ACC0137,ACC0031,1710659249521,PAYMENT,4
332,5086.29,ACC0719,ACC0544,1727288731155,PURCHASE,4
333,7618.81,ACC0553,ACC0369,1726305488598,DEPOSIT,1
334,7273.97,ACC0932,ACC0455,1720800132802,FEE,5
335,6761.50,ACC0508,ACC0382,1730546802543,DEPOSIT,2
336,7420.76,ACC0604,ACC0547,1704440443972,REFUND,2
337,3298.79,ACC0946,ACC0437,1711189686490,FEE,5
338,2475.01,ACC0829,ACC0357,1725702108114,TRANSFER,5
339,6225.14,ACC0852,ACC0205,1719783827077,WITHDRAWAL,5
340,8060.98,ACC0141,ACC0160,1724153335809,REFUND,4
341,2809.25,ACC0754,ACC0118,1710404335327,REFUND,3
342,60000.00,ACC0748,ACC0302,1711994857841,PURCHASE,3
343,110.78,ACC0868,ACC0331,1706310330061,REFUND,4
344,2401.35,ACC0433,ACC0896,1723976812181,INTEREST,3
345,6038.83,ACC0931,ACC0134,1708234735158,PAYMENT,3
346,9570.51,ACC0873,ACC0030,1723305291746,PAYMENT,2
347,5254.50,ACC0508,ACC0847,1723265300149,REFUND,2
348,7945.55,ACC0796,ACC0738,1725316603878,WITHDRAWAL,2
349,4891.47,ACC0759,ACC0767,1721973663219,FEE,4
350,2639.97,ACC0813,ACC0598,1723495974680,PURCHASE,4
351,3850.97,ACC0190,ACC0432,1717408866268,PAYMENT,1
352,4764.02,ACC0699,ACC0005,1728479619876,REFUND,5
353,6289.69,ACC0864,ACC0664,1711998100711,WITHDRAWAL,2
354,4884.69,ACC0852,ACC0953,1705820339083,REFUND,2
355,143.67,ACC0629,ACC0525,1725668784403,PURCHASE,5
356,1788.59,ACC0660,ACC0465,1719663344190,PURCHASE,3
357,1909.55,ACC0305,ACC0795,1704887140360,TRANSFER,4
358,4012.38,ACC0189,ACC0072,1705444336828,DEPOSIT,4
359,5821.73,ACC0909,ACC0954,1720633526780,INTEREST,5
360,8800.32,ACC0205,ACC0579,1734616157074,REFUND,5
361,2865.00,ACC0624,ACC0912,1730965852519,PAYMENT,3
362,7416.71,ACC0981,ACC0488,1706350347420,FEE,2
363,6782.18,ACC0384,ACC0394,1715815670659,PAYMENT,4
364,3688.06,ACC0223,ACC0217,1724478136935,WITHDRAWAL,5
365,8049.71,ACC0920,ACC0135,1711806403821,PURCHASE,4
366,3137.80,ACC0405,ACC0351,1714151020317,FEE,5
367,4899.66,ACC0533,ACC0606,1723383942341,TRANSFER,2
368,9249.17,ACC0843,ACC0424,1718390891151,FEE,5
369,3444.52,ACC0407,ACC0422,1720814250312,WITHDRAWAL,2
370,7828.00,ACC0112,ACC0304,1710328150260,TRANSFER,1
371,9659.87,ACC0987,ACC0722,1734055907685,REFUND,2
372,7911.01,ACC0401,ACC0820,1705352214126,TRANSFER,3
373,9333.97,ACC0644,ACC0497,1724060950677,REFUND,5
374,532.59,ACC0053,ACC0921,1731446403671,PURCHASE,5
375,8646.20,ACC0072,ACC0651,1735613948313,PAYMENT,4
376,8588.52,ACC0573,ACC0374,1718495824129,DEPOSIT,2
377,9138.54,ACC0363,ACC0382,1714853119374,FEE,2
378,4194.23,ACC0498,ACC0534,1710623065916,REFUND,1
379,1040.96,ACC0107,ACC0731,1729712507241,WITHDRAWAL,3
380,1704.75,ACC0541,ACC0256,1707917669701,PURCHASE,4
381,831.94,ACC0597,ACC0249,1705894673868,INTEREST,5
382,4606.92,ACC0076,ACC0887,1711325091568,PURCHASE,4
383,5187.89,ACC0756,ACC0279,1712246990957,WITHDRAWAL,4
384,6290.65,ACC0605,ACC0328,1715826623622,PURCHASE,5
385,718.60,ACC0719,ACC0350,1704869578139,DEPOSIT,5
386,7197.58,ACC0069,ACC0079,1733561624701,INTEREST,3
387,636.40,ACC0177,ACC0176,1716439737401,WITHDRAWAL,5
388,590.26,ACC0948,ACC0441,1704894741029,INTEREST,2
389,8465.26,ACC0614,ACC0942,1730202323231,DEPOSIT,4
390,8496.69,ACC0429,ACC0728,1707223779108,WITHDRAWAL,2
391,2233.45,ACC0542,ACC0789,1716327410158,TRANSFER,5
392,6646.14,ACC0410,ACC0104,1721207485728,DEPOSIT,5
393,8228.63,ACC0666,ACC0837,1727225223703,INTEREST,4
394,4206.87,ACC0220,ACC0975,1709767206948,WITHDRAWAL,5
395,6596.02,ACC0687,ACC0096,1713650892813,INTEREST,3
396,4139.60,ACC0092,ACC0797,1720893918670,DEPOSIT,4
397,8937.02,ACC0151,ACC0664,1719963595289,PURCHASE,2
398,6524.90,ACC0547,ACC0575,1721211962191,WITHDRAWAL,1
399,1828.01,ACC0342,ACC0950,1734102066065,WITHDRAWAL,3
400,3989.40,ACC0492,ACC0799,1715017875549,TRANSFER,1
401,4461.00,ACC0504,ACC0396,1719942712624,PAYMENT,3
402,3032.65,ACC0341,ACC0434,1705848138889,PURCHASE,4
403,809.02,ACC0372,ACC0027,1732582820601,PURCHASE,5
404,7701.81,ACC0886,ACC0626,1711131074341,INTEREST,3
405,4189.66,ACC0715,ACC0063,1714711972332,DEPOSIT,1
406,8364.72,ACC0185,ACC0452,1704358590317,FEE,5
407,8446.71,ACC0586,ACC0976,1732388045816,REFUND,2
408,212.82,ACC0796,ACC0327,1720499760278,FEE,5
409,3433.63,ACC0337,ACC0596,1719992876779,PAYMENT,4
410,6619.57,ACC0093,ACC0573,1731126442339,PURCHASE,5
411,1569.40,ACC0685,ACC0670,1706444226757,TRANSFER,2
412,8441.14,ACC0673,ACC0301,1716186176185,TRANSFER,2
413,2438.06,ACC0536,ACC0896,1729991969535,TRANSFER,1
414,5969.02,ACC0512,ACC0658,1732636108373,WITHDRAWAL,5
415,7627.32,ACC0035,ACC0555,1731850758845,TRANSFER,3
416,4685.01,ACC0172,ACC0502,1713025443812,TRANSFER,5
417,9090.27,ACC0364,ACC0790,1727682338591,WITHDRAWAL,5
418,1461.81,ACC0361,ACC0683,1725858467951,PURCHASE,1
419,725.76,ACC0119,ACC0342,1726163723894,TRANSFER,5
420,8229.22,ACC0206,ACC0142,1705411105356,DEPOSIT,5
421,7519.33,ACC0912,ACC0003,1713751949909,PURCHASE,3
422,9258.87,ACC0497,ACC0755,1708414396022,REFUND,2
423,5667.81,ACC0038,ACC0204,1709171532368,DEPOSIT,5
424,4588.73,ACC0710,ACC0312,1734419779679,WITHDRAWAL,3
425,8852.72,ACC0281,ACC0875,1721463764547,FEE,5
426,8904.24,ACC0716,ACC0622,1721909329117,FEE,1
427,6016.39,ACC0478,ACC0216,1711686367361,REFUND,4
428,5408.57,ACC0739,ACC0883,1727056668777,REFUND,1
429,1064.99,ACC0260,ACC0262,1721403174713,REFUND,5
430,6817.31,ACC0479,ACC0511,1733755764737,TRANSFER,3
431,7220.86,ACC0392,ACC0479,1720533724709,TRANSFER,4
432,2072.82,ACC0384,ACC0920,1706928389620,PURCHASE,4
433,7078.68,ACC0500,ACC0901,1724007717676,REFUND,5
434,3133.03,ACC0171,ACC0582,1713281121514,FEE,2
435,9374.88,ACC0292,ACC0465,1709230795435,WITHDRAWAL,4
436,496.83,ACC0133,ACC0813,1710432753914,DEPOSIT,1
437,3538.40,ACC0328,ACC0841,1712758995439,REFUND,4
438,8854.07,ACC0034,ACC0279,1707089586477,DEPOSIT,5
439,5699.05,ACC0869,ACC0651,1734812022734,TRANSFER,2
440,5798.28,ACC0686,ACC0290,1704645045617,PAYMENT,4
441,3133.53,ACC0107,ACC0147,1721951464080,REFUND,4
442,7914.29,ACC0168,ACC0298,1719002688484,TRANSFER,5
443,3375.45,ACC0752,ACC0698,1721409324047,INTEREST,5
444,8055.18,ACC0800,ACC0284,1708646009594,WITHDRAWAL,4
445,8865.25,ACC0973,ACC0282,1723517862266,WITHDRAWAL,1
446,9096.16,ACC0452,ACC0212,1713025048386,FEE,1
447,9715.70,ACC0505,ACC0072,1727737291209,INTEREST,2
448,6685.50,ACC0695,ACC0221,1715438803975,DEPOSIT,2
449,2761.33,ACC0404,ACC0161,1716155710874,WITHDRAWAL,2
450,4765.68,ACC0772,ACC0097,1715895054715,WITHDRAWAL,4
451,3851.27,ACC0813,ACC0673,1719397239277,INTEREST,3
452,9273.58,ACC0152,ACC0470,1734363756126,FEE,3
453,2126.15,ACC0191,ACC0195,1718477357383,PURCHASE,3
454,4784.83,ACC0731,ACC0820,1717545122337,DEPOSIT,1
455,970.85,ACC0732,ACC0988,1726090109486,FEE,4
456,1549.17,ACC0745,ACC0932,1722376287533,PURCHASE,3
457,2620.42,ACC0608,ACC0578,1724107225210,TRANSFER,2
458,3895.15,ACC0986,ACC0573,1710020104927,WITHDRAWAL,2
459,9758.69,ACC0885,ACC0893,1706692842582,PAYMENT,3
460,2064.25,ACC0581,ACC0420,1709358669361,INTEREST,2
461,8654.07,ACC0184,ACC0654,1710550236221,INTEREST,2
462,4621.76,ACC0495,ACC0116,1722340151970,PURCHASE,1
463,9966.46,ACC0084,ACC0723,1734998763903,REFUND,5
464,9251.22,ACC0180,ACC0296,1707251193751,REFUND,4
465,8916.89,ACC0311,ACC0983,1715359949287,PURCHASE,1
466,7388.97,ACC0620,ACC0595,1735080976231,INTEREST,3
467,7250.45,ACC0737,ACC0252,1726177882694,FEE,3
468,7875.85,ACC0393,ACC0182,1725156199111,PURCHASE,1
469,2056.57,ACC0357,ACC0689,1722003515580,PURCHASE,1
470,1689.41,ACC0603,ACC0280,1709039316008,TRANSFER,4
471,4838.62,ACC0502,ACC0500,1723035466244,INTEREST,1
472,3980.96,ACC0387,ACC0408,1710941259127,DEPOSIT,3
473,4967.65,ACC0097,ACC0144,1728830307688,FEE,4
474,5637.62,ACC0829,ACC0021,1723383217568,INTEREST,3
475,452.00,ACC0107,ACC0992,1730673480545,PAYMENT,2
476,4303.38,ACC0246,ACC0877,1718983915959,PURCHASE,2
477,1032.73,ACC0381,ACC0387,1705565631596,WITHDRAWAL,4
478,4685.29,ACC0337,ACC0489,1708820812528,TRANSFER,1
479,2686.22,ACC0032,ACC0082,1717199352210,REFUND,5
480,1006.87,ACC0284,ACC0655,1729074420191,TRANSFER,2
481,1245.25,ACC0278,ACC0690,1723048048992,TRANSFER,2
482,4314.28,ACC0771,ACC0642,1718243603352,REFUND,5
483,5280.82,ACC0663,ACC0428,1716381216814,WITHDRAWAL,1
484,9091.00,ACC0814,ACC0349,1717402043597,PURCHASE,4
485,321.07,ACC0925,ACC0180,1704887244240,DEPOSIT,1
486,2290.68,ACC0093,ACC0196,1716210722142,DEPOSIT,5
487,3377.05,ACC0759,ACC0309,1724277133799,PURCHASE,3
488,1858.78,ACC0599,ACC0674,1723909368230,DEPOSIT,3
489,2064.25,ACC0581,ACC0420,1709358669860,INTEREST,2
490,5572.29,ACC0221,ACC0540,1732857670937,WITHDRAWAL,5
491,6095.83,ACC0985,ACC0866,1722592232068,TRANSFER,2
492,1406.62,ACC0405,ACC0535,1720158963873,DEPOSIT,2
493,131.85,ACC0110,ACC0455,1712051167014,FEE,5
494,4309.27,ACC0298,ACC0224,1716571925046,TRANSFER,5
495,5438.15,ACC0025,ACC0251,1711009752280,PAYMENT,2
496,255.28,ACC0139,ACC0743,1709457349848,PURCHASE,1
497,8328.03,ACC0430,ACC0450,1728492900848,PAYMENT,4
498,7630.69,ACC0701,ACC0656,1731283651400,PURCHASE,1
499,4891.83,ACC0669,ACC0450,1705038439492,INTEREST,4
500,8503.11,ACC0975,ACC0087,1712467516335,INTEREST,2
501,7057.38,ACC0995,ACC0518,1713888649269,FEE,3
502,5014.60,ACC0141,ACC0906,1710682183688,FEE,2
503,1923.35,ACC0701,ACC0374,1730799851332,FEE,3
504,6504.24,ACC0585,ACC0289,1725848516906,REFUND,4
505,3456.72,ACC0918,ACC0805,1721008156605,REFUND,5
506,3853.66,ACC0493,ACC0743,1728189306002,WITHDRAWAL,2
507,4429.01,ACC0815,ACC0328,1705926247106,INTEREST,5
508,2107.71,ACC0910,ACC0051,1704432769066,PURCHASE,5
509,6491.44,ACC0533,ACC0949,1723735074704,WITHDRAWAL,1
510,7016.13,ACC0163,ACC0648,1705613061250,FEE,3
511,5258.35,ACC0497,ACC0013,1732158083233,PAYMENT,4
512,576.12,ACC0950,ACC0089,1727764077412,PURCHASE,3
513,7623.64,ACC0756,ACC0957,1719983901007,PAYMENT,4
514,4624.85,ACC0041,ACC0448,1734129175584,PAYMENT,2
515,138.34,ACC0397,ACC0596,1725749529573,FEE,3
516,8899.43,ACC0994,ACC0532,1711367370140,DEPOSIT,5
517,7844.47,ACC0933,ACC0271,1707687754762,INTEREST,4
518,193.11,ACC0249,ACC0317,1708773943901,REFUND,5
519,7182.41,ACC0604,ACC0226,1719885073172,FEE,5
520,3140.59,ACC0964,ACC0343,1709502540773,DEPOSIT,2
521,5684.77,ACC0865,ACC0795,1729075391209,PAYMENT,1
522,8644.80,ACC0286,ACC0031,1730202252859,REFUND,2
523,2562.49,ACC0588,ACC0668,1729336741615,WITHDRAWAL,2
524,1179.33,ACC0789,ACC0366,1717839668564,FEE,5
525,4004.04,ACC0252,ACC0151,1734892199396,PAYMENT,1
526,1933.30,ACC0222,ACC0736,1709155437482,WITHDRAWAL,2
527,5713.39,ACC0883,ACC0660,1716982856904,INTEREST,5
528,7083.40,ACC0872,ACC0461,1714250509835,PAYMENT,3
529,4534.42,ACC0613,ACC0448,1712793666009,WITHDRAWAL,2
530,2273.07,ACC0241,ACC0846,1730554694325,DEPOSIT,5
531,1419.54,ACC0355,ACC0573,1712455657043,REFUND,5
532,4968.46,ACC0442,ACC0811,1733638775617,FEE,4
533,4182.50,ACC0148,ACC0441,1713071091761,DEPOSIT,5
534,9533.92,ACC0237,ACC0445,1719149714496,TRANSFER,5
535,969.79,ACC0295,ACC0973,1718772544324,INTEREST,4
536,2556.82,ACC0262,ACC0466,1705487450311,TRANSFER,5
537,9611.49,ACC0979,ACC0276,1728389780049,DEPOSIT,5
538,7242.05,ACC0293,ACC0396,1717743719015,TRANSFER,3
539,3901.72,ACC0748,ACC0554,1722952467414,REFUND,4
540,3642.36,ACC0964,ACC0342,1716083120192,PURCHASE,1
541,1218.51,ACC0337,ACC0374,1723589472278,REFUND,4
542,8539.53,ACC0209,ACC0449,1725744588821,PURCHASE,2
543,1173.96,ACC0509,ACC0350,1717064530631,FEE,2
544,1393.08,ACC0694,ACC0118,1727748761901,PURCHASE,2
545,4145.04,ACC0727,ACC0357,1706024219017,DEPOSIT,4
546,303.31,ACC0862,ACC0913,1731492430753,DEPOSIT,4
547,644.01,ACC0364,ACC0831,1709804239328,PAYMENT,3
548,5946.72,ACC0046,ACC0009,1729046537254,REFUND,5
549,8899.43,ACC0994,ACC0532,1711367372061,DEPOSIT,5
550,4650.21,ACC0422,ACC0888,1714294206832,REFUND,5
551,7504.19,ACC0784,ACC0565,1704228599639,PAYMENT,1
552,60000.00,ACC0719,ACC0759,1722678631764,WITHDRAWAL,5
553,9605.16,ACC0498,ACC0565,1731868468172,INTEREST,1
554,7803.82,ACC0257,ACC0784,1734810349340,PURCHASE,3
555,665.97,ACC0272,ACC0858,1723694890941,DEPOSIT,4
556,2173.98,ACC0343,ACC0969,1718900571858,TRANSFER,5
557,7234.48,ACC0778,ACC0723,1733295109872,REFUND,2
558,8742.86,ACC0113,ACC0722,1707987180896,DEPOSIT,1
559,8628.25,ACC0662,ACC0387,1708985551732,PURCHASE,4
560,8342.94,ACC0936,ACC0930,1735611109932,REFUND,3
561,1319.89,ACC0550,ACC0284,1718650271308,PURCHASE,3
562,9522.54,ACC0960,ACC0860,1710595565999,TRANSFER,4
563,3936.63,ACC0910,ACC0296,1729445166101,TRANSFER,2
564,7102.47,ACC0056,ACC0212,1730318909259,PAYMENT,2
565,4832.43,ACC0533,ACC0862,1720881449182,WITHDRAWAL,2
566,7807.64,ACC0881,ACC0148,1709054732631,TRANSFER,5
567,5235.21,ACC0805,ACC0565,1732993986011,FEE,3
568,6057.61,ACC0234,ACC0292,1704880699355,PURCHASE,1
569,5021.92,ACC0189,ACC0470,1727289207431,FEE,5
570,5723.12,ACC0082,ACC0564,1726383810892,REFUND,4
571,218.18,ACC0220,ACC0596,1729153036278,WITHDRAWAL,3
572,9743.58,ACC0758,ACC0531,1708429530529,PAYMENT,4
573,8092.70,ACC0625,ACC0877,1721422607360,DEPOSIT,4
574,1173.96,ACC0509,ACC0350,1717064531454,FEE,2
575,9743.58,ACC0758,ACC0531,1708429532089,PAYMENT,4
576,1494.24,ACC0632,ACC0942,1724632295821,TRANSFER,4
577,4170.31,ACC0050,ACC0026,1731088746465,TRANSFER,1
578,1278.01,ACC0318,ACC0121,1706454225335,INTEREST,4
579,3475.19,ACC0265,ACC0987,1707366538927,REFUND,5
580,4864.19,ACC0849,ACC0043,1726771136298,WITHDRAWAL,1
581,3227.53,ACC0684,ACC0504,1710488774081,PURCHASE,3
582,5574.20,ACC0561,ACC0023,1725544098481,REFUND,1
583,8135.13,ACC0041,ACC0094,1724401397886,INTEREST,1
584,8395.80,ACC0698,ACC0778,1707066211286,PAYMENT,1
585,6978.49,ACC0083,ACC0210,1732406946215,REFUND,5
586,8706.87,ACC0383,ACC0688,1715732391127,DEPOSIT,4
587,3336.94,ACC0879,ACC0777,1708892006755,WITHDRAWAL,1
588,2329.04,ACC0221,ACC0522,1712403496325,PAYMENT,2
589,1972.32,ACC0691,ACC0105,1727076365544,REFUND,2
590,1551.05,ACC0221,ACC0213,1734480610847,PAYMENT,5
591,8773.41,ACC0115,ACC0468,1712109014992,INTEREST,5
592,9485.71,ACC0359,ACC0068,1734031813700,PAYMENT,2
593,534.83,ACC0371,ACC0684,1735485162093,TRANSFER,2
594,6258.27,ACC0340,ACC0831,1726179425820,TRANSFER,4
595,2003.76,ACC0382,ACC0399,1717443091434,DEPOSIT,4
596,4183.62,ACC0676,ACC0520,1709871311869,PAYMENT,1
597,5252.74,ACC0954,ACC0820,1722201797689,REFUND,5
598,2324.53,ACC0435,ACC0773,1709263770877,REFUND,5
599,4855.78,ACC0245,ACC0348,1718214135837,WITHDRAWAL,1
600,5391.08,ACC0237,ACC0998,1712887285408,DEPOSIT,5
601,9697.49,ACC0555,ACC0830,1725272812145,DEPOSIT,2
602,4167.25,ACC0976,ACC0457,1721061964365,INTEREST,3
603,1662.66,ACC0377,ACC0992,1729643180223,FEE,3
604,3890.81,ACC0953,ACC0995,1709969708164,INTEREST,3
605,481.55,ACC0571,ACC0578,1709672148862,REFUND,5
606,3209.18,ACC0242,ACC0128,1723370288937,INTEREST,4
607,8869.00,ACC0990,ACC0561,1727617355493,FEE,5
608,9633.88,ACC0279,ACC0623,1734727350474,DEPOSIT,1
609,229.50,ACC0867,ACC0908,1710472596453,DEPOSIT,3
610,8603.61,ACC0059,ACC0367,1731739141025,FEE,4
611,8729.81,ACC0532,ACC0999,1729905669213,INTEREST,1
612,2874.16,ACC0724,ACC0002,1724461867421,WITHDRAWAL,2
613,8065.31,ACC0803,ACC0999,1721363030113,PAYMENT,5
614,2248.12,ACC0095,ACC0224,1718960449619,WITHDRAWAL,1
615,2132.65,ACC0503,ACC0164,1707617232827,TRANSFER,3
616,9466.10,ACC0073,ACC0843,1728491648768,WITHDRAWAL,2
617,6695.52,ACC0561,ACC0923,1731421446583,INTEREST,1
618,808.87,ACC0794,ACC0309,1730465959347,PAYMENT,3
619,2156.97,ACC0615,ACC0451,1732636616522,DEPOSIT,3
620,2723.42,ACC0443,ACC0545,1711443148862,TRANSFER,1
621,7483.16,ACC0755,ACC0660,1735018148582,WITHDRAWAL,4
622,791.27,ACC0757,ACC0981,1708242630415,WITHDRAWAL,5
623,754.94,ACC0079,ACC0167,1707860598293,TRANSFER,2
624,60000.00,ACC0128,ACC0793,1706802889335,PURCHASE,2
625,8656.06,ACC0373,ACC0491,1715988587882,TRANSFER,4
626,5985.32,ACC0286,ACC0949,1708045632789,DEPOSIT,1
627,7743.38,ACC0627,ACC0025,1732435086846,REFUND,1
628,2737.25,ACC0899,ACC0797,1729312059529,TRANSFER,1
629,740.72,ACC0329,ACC0746,1729526321923,DEPOSIT,4
630,3559.75,ACC0174,ACC0981,1704949032090,REFUND,3
631,7169.44,ACC0457,ACC0533,1732586926531,DEPOSIT,3
632,1198.89,ACC0215,ACC0109,1733364705113,FEE,1
633,4597.04,ACC0059,ACC0927,1708224817775,TRANSFER,3
634,1711.78,ACC0047,ACC0302,1734750538977,PURCHASE,2
635,51.51,ACC0116,ACC0634,1732747061566,DEPOSIT,4
636,1361.75,ACC0890,ACC0670,1730707488152,FEE,2
637,1689.59,ACC0486,ACC0854,1710034692779,PURCHASE,2
638,3879.48,ACC0287,ACC0734,1729583335549,REFUND,1
639,6341.58,ACC0053,ACC0738,1716786211067,TRANSFER,3
640,8281.19,ACC0574,ACC0027,1734987464718,INTEREST,3
641,135.98,ACC0539,ACC0300,1728045023511,TRANSFER,5
642,3238.15,ACC0913,ACC0670,1733339510306,INTEREST,2
643,8892.82,ACC0103,ACC0536,1734435990476,FEE,4
644,1403.18,ACC0687,ACC0666,1728507907230,INTEREST,5
645,713.19,ACC0271,ACC0390,1722906426329,WITHDRAWAL,5
646,6910.56,ACC0351,ACC0900,1719659356129,PAYMENT,4
647,3800.20,ACC0575,ACC0014,1730716872455,FEE,4
648,3489.12,ACC0989,ACC0071,1712768691883,PAYMENT,3
649,4107.16,ACC0189,ACC0359,1713441685683,DEPOSIT,3
650,2062.43,ACC0583,ACC0434,1724490545747,FEE,5
651,5896.84,ACC0142,ACC0474,1719337218224,WITHDRAWAL,4
652,9594.40,ACC0500,ACC0715,1708273294267,PURCHASE,5
653,6905.20,ACC0393,ACC0769,1725375182880,TRANSFER,4
654,2874.16,ACC0724,ACC0002,1724461867793,WITHDRAWAL,2
655,4107.16,ACC0189,ACC0359,1713441687267,DEPOSIT,3
656,6151.35,ACC0454,ACC0324,1727702753756,PURCHASE,1
657,5754.98,ACC0353,ACC0426,1705706951999,DEPOSIT,4
658,84.89,ACC0142,ACC0607,1735474946611,DEPOSIT,5
659,9842.81,ACC0280,ACC0963,1729965193648,PAYMENT,3
660,8642.61,ACC0640,ACC0217,1732545809389,TRANSFER,4
661,5335.07,ACC0618,ACC0342,1732315564846,FEE,3
662,8469.67,ACC0021,ACC0525,1723468199082,TRANSFER,3
663,4554.82,ACC0103,ACC0437,1706792736193,WITHDRAWAL,4
664,801.06,ACC0563,ACC0240,1735449846907,DEPOSIT,4
665,19.01,ACC0444,ACC0978,1711569774670,REFUND,4
666,2806.54,ACC0589,ACC0763,1730681940776,DEPOSIT,5
667,9278.13,ACC0574,ACC0805,1713125131342,DEPOSIT,5
668,9167.68,ACC0606,ACC0347,1716538545821,PAYMENT,1
669,3338.36,ACC0264,ACC0671,1709503403700,REFUND,3
670,7023.50,ACC0680,ACC0236,1711565837891,WITHDRAWAL,3
671,5313.87,ACC0544,ACC0481,1721822084563,PURCHASE,5
672,334.09,ACC0486,ACC0032,1721998000423,TRANSFER,3
673,457.32,ACC0643,ACC0045,1711081404472,REFUND,4
674,676.18,ACC0101,ACC0632,1724841728919,PAYMENT,2
675,4674.46,ACC0657,ACC0434,1727047656398,WITHDRAWAL,5
676,7596.29,ACC0384,ACC0627,1707861259371,WITHDRAWAL,1
677,4283.60,ACC0267,ACC0879,1714223519230,DEPOSIT,1
678,6094.78,ACC0028,ACC0242,1726731094871,FEE,5
679,2920.58,ACC0812,ACC0950,1717470426523,REFUND,2
680,968.56,ACC0350,ACC0239,1711590102852,WITHDRAWAL,1
681,5093.50,ACC0360,ACC0584,1724671225677,FEE,4
682,661.26,ACC0930,ACC0977,1721880630543,FEE,5
683,917.90,ACC0012,ACC0978,1708135349041,PURCHASE,1
684,6320.63,ACC0716,ACC0963,1723104833669,DEPOSIT,1
685,7943.53,ACC0821,ACC0815,1725937944335,DEPOSIT,5
686,2401.75,ACC0548,ACC0310,1732905788853,DEPOSIT,1
687,3770.12,ACC0199,ACC0877,1733522396620,TRANSFER,5
688,910.54,ACC0788,ACC0238,1710972991663,PURCHASE,5
689,6979.42,ACC0704,ACC0950,1721523379748,TRANSFER,4
690,9236.39,ACC0149,ACC0544,1732061419785,REFUND,4
691,8406.35,ACC0573,ACC0984,1714715782797,WITHDRAWAL,2
692,6443.02,ACC0068,ACC0866,1727851943581,INTEREST,5
693,3129.84,ACC0621,ACC0500,1728501470127,FEE,2
694,6726.85,ACC0427,ACC0361,1709779591184,PURCHASE,4
695,8810.36,ACC0022,ACC0572,1733798538021,PURCHASE,4
696,105.69,ACC0381,ACC0323,1716255688750,WITHDRAWAL,1
697,4734.87,ACC0770,ACC0298,1706178936023,REFUND,2
698,6885.50,ACC0970,ACC0550,1708693326106,REFUND,1
699,750.53,ACC0316,ACC0683,1730951443543,TRANSFER,2
700,7332.42,ACC0303,ACC0919,1721259455812,DEPOSIT,1
701,6715.72,ACC0353,ACC0146,1726688833984,PURCHASE,3
702,6938.33,ACC0169,ACC0196,1706979519631,DEPOSIT,1
703,5297.91,ACC0709,ACC0262,1711650552707,PAYMENT,1
704,8750.46,ACC0058,ACC0828,1714940623374,FEE,4
705,7002.54,ACC0708,ACC0153,1723020998109,TRANSFER,1
706,3445.47,ACC0744,ACC0412,1713211905009,FEE,1
707,3704.56,ACC0682,ACC0322,1730136093972,PAYMENT,3
708,7003.05,ACC0127,ACC0389,1718458589150,TRANSFER,2
709,2736.54,ACC0874,ACC0044,1728187266493,WITHDRAWAL,4
710,1646.98,ACC0427,ACC0446,1726574380109,TRANSFER,2
711,8170.31,ACC0034,ACC0237,1716142495062,INTEREST,1
712,4677.10,ACC0383,ACC0392,1720088274519,INTEREST,4
713,9378.13,ACC0092,ACC0754,1709046383628,TRANSFER,3
714,6113.91,ACC0790,ACC0385,1708258458456,PAYMENT,5
715,5594.04,ACC0485,ACC0963,1711572625560,INTEREST,3
716,85.69,ACC0069,ACC0867,1720085881911,DEPOSIT,1
717,4903.95,ACC0678,ACC0021,1718021834626,REFUND,5
718,4812.85,ACC0084,ACC0528,1721857906933,INTEREST,2
719,6778.37,ACC0681,ACC0591,1724036265057,TRANSFER,5
720,1245.93,ACC0110,ACC0713,1723452895808,FEE,2
721,4313.82,ACC0713,ACC0793,1714389391599,FEE,2
722,1462.84,ACC0652,ACC0462,1706981080796,PAYMENT,2
723,7657.93,ACC0961,ACC0812,1732960666931,REFUND,2
724,676.18,ACC0101,ACC0632,1724841729438,PAYMENT,2
725,4298.75,ACC0486,ACC0147,1711430427990,TRANSFER,2
726,2719.19,ACC0144,ACC0752,1706501218833,WITHDRAWAL,1
727,2098.89,ACC0252,ACC0393,1734289669808,DEPOSIT,3
728,1075.41,ACC0459,ACC0083,1723076801902,PAYMENT,4
729,4591.53,ACC0891,ACC0962,1728942099260,WITHDRAWAL,3
730,3997.64,ACC0006,ACC0656,1708037563553,WITHDRAWAL,1
731,4531.92,ACC0285,ACC0414,1712153467833,REFUND,2
732,2871.18,ACC0755,ACC0351,1725165055232,PURCHASE,3
733,8185.94,ACC0158,ACC0056,1704944615441,REFUND,4
734,3478.53,ACC0372,ACC0222,1735417883464,DEPOSIT,2
735,6778.37,ACC0681,ACC0591,1724036266111,TRANSFER,5
736,8240.09,ACC0536,ACC0035,1706328187230,TRANSFER,1
737,2554.91,ACC0994,ACC0432,1723430925450,PURCHASE,4
738,9490.95,ACC0210,ACC0545,1725065227017,TRANSFER,4
739,4790.71,ACC0660,ACC0196,1727330798743,PAYMENT,3
740,3751.60,ACC0285,ACC0540,1717248039223,DEPOSIT,1
741,8510.13,ACC0115,ACC0882,1717254284890,PURCHASE,1
742,4382.33,ACC0941,ACC0436,1734745245185,WITHDRAWAL,5
743,9877.83,ACC0395,ACC0465,1726952218885,WITHDRAWAL,4
744,6135.36,ACC0610,ACC0565,1706473286683,PURCHASE,4
745,7570.88,ACC0616,ACC0050,1717656510855,TRANSFER,1
746,5887.49,ACC0220,ACC0618,1726386884002,TRANSFER,4
747,60000.00,ACC0100,ACC0526,1732624367656,PURCHASE,2
748,8620.02,ACC0830,ACC0314,1704879515129,WITHDRAWAL,2
749,3377.92,ACC0682,ACC0056,1722508399961,PAYMENT,5
750,8496.82,ACC0083,ACC0824,1705501425082,WITHDRAWAL,4
751,4277.15,ACC0465,ACC0971,1720924911884,REFUND,2
752,60000.00,ACC0658,ACC0852,1724986706829,DEPOSIT,3
753,6774.81,ACC0473,ACC0930,1707190843638,DEPOSIT,2
754,6583.52,ACC0607,ACC0495,1717455267756,TRANSFER,2
755,587.01,ACC0426,ACC0686,1719444865787,PURCHASE,3
756,6155.85,ACC0523,ACC0254,1705214854799,FEE,2
757,6961.25,ACC0247,ACC0102,1725745779739,TRANSFER,3
758,9354.95,ACC0072,ACC0319,1713955617076,DEPOSIT,2
759,2673.65,ACC0852,ACC0629,1723010052942,PURCHASE,3
760,7891.10,ACC0963,ACC0631,1706040751635,PAYMENT,4
761,432.76,ACC0483,ACC0522,1717658803213,TRANSFER,2
762,5147.55,ACC0570,ACC0102,1734640697311,REFUND,1
763,9875.73,ACC0823,ACC0680,1722730131542,WITHDRAWAL,2
764,2501.08,ACC0254,ACC0079,1705263995491,INTEREST,4
765,8518.59,ACC0946,ACC0868,1726969235017,WITHDRAWAL,5
766,2818.67,ACC0526,ACC0521,1723696583787,FEE,2
767,7600.25,ACC0981,ACC0774,1711902497708,TRANSFER,3
768,2812.73,ACC0130,ACC0280,1705869643632,DEPOSIT,4
769,5448.83,ACC0449,ACC0723,1720581703979,FEE,4
770,9473.10,ACC0972,ACC0498,1717661457983,PAYMENT,2
771,1337.97,ACC0631,ACC0229,1729745384981,PAYMENT,2
772,2661.58,ACC0477,ACC0480,1727602580291,PAYMENT,5
773,6751.49,ACC0718,ACC0906,1717112712735,FEE,1
774,5317.01,ACC0110,ACC0996,1706771881948,REFUND,4
775,372.73,ACC0014,ACC0550,1722163894953,PAYMENT,2
776,9709.25,ACC0295,ACC0443,1710435709007,PURCHASE,3
777,3796.59,ACC0150,ACC0497,1725453941522,TRANSFER,2
778,7099.25,ACC0314,ACC0085,1730012344868,PAYMENT,3
779,7675.27,ACC0455,ACC0639,1730185857053,WITHDRAWAL,2
780,607.10,ACC0732,ACC0786,1724276691141,DEPOSIT,4
781,130.81,ACC0441,ACC0102,1725074929167,DEPOSIT,3
782,6842.00,ACC0305,ACC0924,1705628951542,PURCHASE,2
783,4550.68,ACC0258,ACC0213,1714358369317,TRANSFER,4
784,7169.97,ACC0565,ACC0191,1734867131712,PAYMENT,4
785,9149.00,ACC0431,ACC0439,1721992038329,PURCHASE,1
786,4539.33,ACC0194,ACC0592,1711470750966,FEE,2
787,5094.79,ACC0706,ACC0408,1706734075782,INTEREST,1
788,7769.25,ACC0646,ACC0559,1720672114545,FEE,2
789,2472.15,ACC0190,ACC0191,1711164916457,PAYMENT,4
790,589.55,ACC0969,ACC0124,1735415870327,WITHDRAWAL,4
791,1724.52,ACC0352,ACC0148,1709204733740,DEPOSIT,1
792,2826.75,ACC0117,ACC0499,1732618501447,INTEREST,5
793,2667.77,ACC0108,ACC0416,1723573676574,PAYMENT,5
794,5889.80,ACC0542,ACC0952,1706365484511,REFUND,2
795,6105.02,ACC0919,ACC0788,1724337595832,DEPOSIT,5
796,938.49,ACC0481,ACC0024,1727804660076,TRANSFER,1
797,8167.17,ACC0766,ACC0402,1717573274623,FEE,1
798,5349.84,ACC0136,ACC0492,1708625521296,TRANSFER,4
799,4648.61,ACC0574,ACC0762,1723274120451,INTEREST,4
800,5300.06,ACC0764,ACC0550,1734616259930,FEE,5
801,5023.22,ACC0777,ACC0902,1733829775219,PURCHASE,4
802,9375.73,ACC0965,ACC0619,1729497025428,PURCHASE,4
803,490.52,ACC0381,ACC0798,1710193667518,PAYMENT,4
804,3333.84,ACC0778,ACC0189,1727295347561,PURCHASE,4
805,4566.90,ACC0415,ACC0773,1714938222453,INTEREST,5
806,9348.76,ACC0523,ACC0522,1717470675624,FEE,3
807,3603.63,ACC0176,ACC0375,1729964206462,TRANSFER,4
808,4613.31,ACC0892,ACC0304,1735382250976,INTEREST,3
809,7206.98,ACC0613,ACC0708,1721037262746,TRANSFER,5
810,2090.77,ACC0927,ACC0491,1718726797752,PURCHASE,2
811,1413.38,ACC0016,ACC0129,1713225963692,INTEREST,2
812,4959.18,ACC0493,ACC0961,1711277706244,PURCHASE,1
813,6217.88,ACC0924,ACC0944,1713568036819,TRANSFER,1
814,2619.32,ACC0049,ACC0356,1717694743563,TRANSFER,5
815,1597.55,ACC0385,ACC0728,1722680971441,REFUND,4
816,1492.47,ACC0945,ACC0995,1732866564674,DEPOSIT,3
817,3064.20,ACC0290,ACC0935,1729690988988,WITHDRAWAL,5
818,9160.43,ACC0961,ACC0665,1712341390379,DEPOSIT,2
819,7213.81,ACC0394,ACC0392,1713900085319,TRANSFER,2
820,5714.74,ACC0578,ACC0486,1723722820669,PURCHASE,2
821,2409.52,ACC0283,ACC0947,1717668348442,FEE,4
822,7104.97,ACC0355,ACC0416,1728170611080,REFUND,3
823,1267.33,ACC0885,ACC0774,1715838920927,WITHDRAWAL,3
824,129.90,ACC0503,ACC0636,1718423497892,PAYMENT,4
825,1357.61,ACC0070,ACC0825,1712060652422,PAYMENT,2
826,7271.92,ACC0213,ACC0395,1719534491588,FEE,3
827,2499.53,ACC0971,ACC0446,1724114332795,PAYMENT,3
828,1633.71,ACC0992,ACC0585,1705198871958,WITHDRAWAL,5
829,2385.76,ACC0316,ACC0093,1712519475721,REFUND,2
830,87.00,ACC0606,ACC0051,1728392562282,PAYMENT,2
831,8929.57,ACC0884,ACC0784,1705293338578,PAYMENT,1
832,6391.98,ACC0705,ACC0167,1724542405163,REFUND,3
833,5358.46,ACC0906,ACC0141,1725634558001,WITHDRAWAL,3
834,3002.26,ACC0102,ACC0599,1704544303290,INTEREST,5
835,2830.51,ACC0445,ACC0999,1718555996470,INTEREST,1
836,9480.98,ACC0843,ACC0086,1733518870442,REFUND,3
837,7011.52,ACC0546,ACC0611,1718963332389,PURCHASE,4
838,590.49,ACC0576,ACC0641,1708564508771,DEPOSIT,2
839,587.76,ACC0636,ACC0858,1707025034558,PAYMENT,1
840,2895.72,ACC0237,ACC0554,1718748427160,PURCHASE,3
841,8839.20,ACC0289,ACC0251,1719350838776,PURCHASE,3
842,60000.00,ACC0689,ACC0537,1714258148083,DEPOSIT,2
843,6599.88,ACC0258,ACC0081,1705142674151,INTEREST,2
844,3475.10,ACC0998,ACC0717,1719798928519,TRANSFER,1
845,3538.34,ACC0778,ACC0083,1707899831623,PAYMENT,2
846,5412.44,ACC0453,ACC0062,1714732448128,REFUND,3
847,634.23,ACC0687,ACC0317,1733347578828,WITHDRAWAL,2
848,1698.38,ACC0458,ACC0055,1706820949905,TRANSFER,4
849,8432.24,ACC0269,ACC0746,1724149018090,INTEREST,4
850,1685.58,ACC0756,ACC0789,1723854201152,PURCHASE,1
851,3893.31,ACC0069,ACC0331,1716216964717,WITHDRAWAL,5
852,2581.11,ACC0418,ACC0949,1705891430409,WITHDRAWAL,1
853,9094.50,ACC0243,ACC0819,1705605055921,DEPOSIT,5
854,9178.09,ACC0670,ACC0346,1719710862372,REFUND,3
855,2385.76,ACC0316,ACC0093,1712519475908,REFUND,2
856,590.49,ACC0576,ACC0641,1708564510422,DEPOSIT,2
857,8847.03,ACC0060,ACC0430,1734764081625,DEPOSIT,4
858,4715.55,ACC0539,ACC0982,1712817669736,DEPOSIT,1
859,3904.18,ACC0362,ACC0451,1720472762023,WITHDRAWAL,5
860,2414.78,ACC0391,ACC0690,1712896912900,INTEREST,4
861,7271.92,ACC0213,ACC0395,1719534493017,FEE,3
862,9684.65,ACC0631,ACC0851,1716193500069,REFUND,2
863,1765.96,ACC0455,ACC0361,1726807613563,FEE,3
864,1765.43,ACC0756,ACC0664,1705347397405,TRANSFER,3
865,6758.83,ACC0848,ACC0244,1733167263445,DEPOSIT,4
866,3047.18,ACC0326,ACC0473,1706846483388,WITHDRAWAL,1
867,1320.89,ACC0736,ACC0533,1726976122907,PURCHASE,5
868,7306.66,ACC0110,ACC0617,1708846721278,DEPOSIT,1
869,5394.11,ACC0316,ACC0775,1731184923263,WITHDRAWAL,1
870,4992.70,ACC0286,ACC0245,1704478878314,REFUND,2
871,9142.81,ACC0395,ACC0871,1708232191564,PURCHASE,2
872,9016.82,ACC0075,ACC0873,1727100953484,PURCHASE,5
873,9786.58,ACC0292,ACC0082,1731058272738,PAYMENT,4
874,5090.85,ACC0231,ACC0731,1712706952244,INTEREST,3
875,3217.27,ACC0596,ACC0664,1720806949369,DEPOSIT,5
876,2258.85,ACC0556,ACC0769,1720999619545,PAYMENT,3
877,8791.69,ACC0330,ACC0805,1731780608224,FEE,4
878,4008.85,ACC0632,ACC0062,1711274240337,WITHDRAWAL,2
879,5973.90,ACC0348,ACC0972,1719119875335,WITHDRAWAL,1
880,2848.93,ACC0606,ACC0352,1719623504801,PAYMENT,4
881,7017.60,ACC0228,ACC0217,1707085604918,TRANSFER,5
882,1320.89,ACC0736,ACC0533,1726976124642,PURCHASE,5
883,2190.95,ACC0014,ACC0070,1720914012580,FEE,1
884,2932.45,ACC0933,ACC0433,1706141442364,WITHDRAWAL,4
885,1032.83,ACC0038,ACC0085,1713077095689,PAYMENT,1
886,5295.32,ACC0002,ACC0177,1717803575940,INTEREST,5
887,5554.56,ACC0620,ACC0531,1731587938181,DEPOSIT,3
888,3096.46,ACC0462,ACC0247,1717594489403,FEE,5
889,60000.00,ACC0894,ACC0960,1726393586360,FEE,4
890,8108.10,ACC0357,ACC0855,1721525190691,FEE,4
891,2145.90,ACC0084,ACC0960,1714912916485,PURCHASE,1
892,218.30,ACC0579,ACC0140,1725429701895,TRANSFER,2
893,3244.06,ACC0258,ACC0608,1722287190489,TRANSFER,1
894,2050.27,ACC0105,ACC0327,1712140784054,WITHDRAWAL,3
895,7308.65,ACC0414,ACC0580,1731437066997,TRANSFER,4
896,2983.70,ACC0822,ACC0166,1717718192064,WITHDRAWAL,4
897,1440.06,ACC0017,ACC0026,1720155844784,DEPOSIT,4
898,6697.96,ACC0767,ACC0861,1721649612758,PURCHASE,5
899,8715.78,ACC0664,ACC0885,1708173065192,FEE,2
900,1101.82,ACC0069,ACC0249,1710260198535,PAYMENT,1
901,5571.27,ACC0828,ACC0524,1721684268927,TRANSFER,2
902,3325.30,ACC0453,ACC0415,1717340768115,PAYMENT,1
903,5613.41,ACC0899,ACC0115,1722002726156,WITHDRAWAL,3
904,9999.31,ACC0199,ACC0879,1724081232629,INTEREST,1
905,5620.13,ACC0906,ACC0673,1729979165222,DEPOSIT,5
906,4471.71,ACC0764,ACC0110,1709217268064,DEPOSIT,3
907,4026.24,ACC0487,ACC0092,1730576004362,PAYMENT,3
908,7175.06,ACC0404,ACC0991,1709947872469,FEE,5
909,878.53,ACC0080,ACC0303,1733720242888,REFUND,5
910,9162.70,ACC0167,ACC0107,1713458535617,DEPOSIT,5
911,7120.07,ACC0028,ACC0564,1714569531794,INTEREST,2
912,9351.02,ACC0780,ACC0814,1704546293543,DEPOSIT,5
913,2969.52,ACC0095,ACC0596,1723359031372,PAYMENT,5
914,266.88,ACC0758,ACC0467,1732510287710,PAYMENT,4
915,5259.26,ACC0955,ACC0552,1719834786554,PURCHASE,1
916,3094.77,ACC0670,ACC0045,1713262166439,INTEREST,5
917,8981.01,ACC0939,ACC0050,1716671852797,WITHDRAWAL,1
918,3741.07,ACC0313,ACC0139,1705289002617,DEPOSIT,3
919,7337.64,ACC0894,ACC0495,1721117978178,TRANSFER,5
920,5394.11,ACC0316,ACC0775,1731184923388,WITHDRAWAL,1
921,1467.65,ACC0025,ACC0836,1729036490082,PURCHASE,4
922,3794.81,ACC0471,ACC0975,1711225739879,REFUND,1
923,5199.50,ACC0609,ACC0757,1717498547363,PAYMENT,4
924,8128.21,ACC0203,ACC0669,1707177342928,INTEREST,4
925,7807.27,ACC0178,ACC0364,1717880271660,REFUND,1
926,3751.84,ACC0017,ACC0576,1720015561647,INTEREST,5
927,4996.27,ACC0649,ACC0660,1717512770675,WITHDRAWAL,1
928,493.13,ACC0606,ACC0375,1714801197531,PAYMENT,5
929,7837.65,ACC0511,ACC0674,1735062885290,REFUND,2
930,692.35,ACC0518,ACC0695,1728379177762,DEPOSIT,1
931,9731.02,ACC0144,ACC0242,1711259939636,PAYMENT,4
932,8237.30,ACC0913,ACC0772,1735215252237,TRANSFER,3
933,8918.85,ACC0239,ACC0425,1719954462471,FEE,4
934,4973.20,ACC0560,ACC0053,1706038809659,WITHDRAWAL,4
935,357.30,ACC0563,ACC0877,1704501750797,INTEREST,3
936,3326.14,ACC0535,ACC0781,1733664567883,REFUND,5
937,6484.48,ACC0012,ACC0154,1726821298450,FEE,1
938,1916.86,ACC0504,ACC0061,1724760343691,REFUND,2
939,1026.50,ACC0465,ACC0746,1715246580331,DEPOSIT,1
940,1168.03,ACC0169,ACC0234,1722988285205,PURCHASE,4
941,5628.09,ACC0034,ACC0846,1731849663266,REFUND,1
942,4784.28,ACC0451,ACC0012,1717430245868,PURCHASE,5
943,822.18,ACC0622,ACC0171,1734374249387,DEPOSIT,4
944,5032.14,ACC0022,ACC0271,1726497739897,REFUND,2
945,1596.34,ACC0061,ACC0116,1727103186285,REFUND,4
946,7175.06,ACC0404,ACC0991,1709947873063,FEE,5
947,3352.48,ACC0813,ACC0907,1710254667953,DEPOSIT,4
948,7027.71,ACC0414,ACC0915,1718137737686,INTEREST,4
949,1530.96,ACC0770,ACC0762,1733348480357,DEPOSIT,5
950,9489.00,ACC0934,ACC0088,1718591051172,REFUND,5
951,825.10,ACC0098,ACC0940,1716195111454,INTEREST,2
952,8110.52,ACC0788,ACC0414,1725429150690,PAYMENT,3
953,3808.30,ACC0498,ACC0423,1705885737067,WITHDRAWAL,4
954,5702.36,ACC0375,ACC0458,1719156213343,REFUND,4
955,7495.62,ACC0290,ACC0572,1711303814655,DEPOSIT,5
956,6325.88,ACC0050,ACC0096,1708382721077,TRANSFER,4
957,2112.26,ACC0848,ACC0711,1714211796249,TRANSFER,3
958,518.50,ACC0012,ACC0790,1708944998555,INTEREST,3
959,7255.39,ACC0925,ACC0324,1714269574569,PAYMENT,2
960,8049.13,ACC0641,ACC0992,1709378320318,FEE,1
961,4710.63,ACC0052,ACC0700,1727401115546,WITHDRAWAL,2
962,4075.22,ACC0606,ACC0975,1706726679419,FEE,1
963,2828.13,ACC0657,ACC0126,1713377884218,PAYMENT,4
964,6836.77,ACC0496,ACC0404,1731789484534,TRANSFER,4
965,493.13,ACC0606,ACC0375,1714801197793,PAYMENT,5
966,9763.70,ACC0894,ACC0550,1721323857738,PAYMENT,2
967,9193.77,ACC0946,ACC0209,1722648241419,FEE,3
968,1104.54,ACC0173,ACC0545,1723643287099,TRANSFER,3
969,9386.76,ACC0711,ACC0955,1723860410006,REFUND,2
970,2056.33,ACC0549,ACC0022,1717938013092,WITHDRAWAL,3
971,4104.51,ACC0790,ACC0911,1724757433635,INTEREST,1
972,4416.15,ACC0218,ACC0678,1719015090987,PAYMENT,2
973,6939.59,ACC0907,ACC0156,1720109713940,PAYMENT,5
974,832.42,ACC0922,ACC0518,1707532064898,PURCHASE,1
975,5485.61,ACC0798,ACC0835,1704367764240,PAYMENT,1
976,8120.87,ACC0172,ACC0312,1726611628481,FEE,2
977,9081.94,ACC0057,ACC0647,1707845533988,DEPOSIT,5
978,7346.38,ACC0103,ACC0895,1706334528383,WITHDRAWAL,5
979,5324.93,ACC0712,ACC0616,1708785133104,WITHDRAWAL,4
980,117.35,ACC0142,ACC0913,1715388277327,WITHDRAWAL,3
981,7954.85,ACC0092,ACC0573,1712137222756,INTEREST,5
982,5420.46,ACC0530,ACC0043,1710726856503,PURCHASE,1
983,4492.06,ACC0841,ACC0745,1735679575519,DEPOSIT,1
984,9316.05,ACC0401,ACC0252,1730779019058,PAYMENT,4
985,4661.11,ACC0007,ACC0073,1714159813421,WITHDRAWAL,1
986,2848.21,ACC0359,ACC0064,1705386480493,DEPOSIT,2
987,6067.55,ACC0480,ACC0717,1721454356705,FEE,3
988,3895.39,ACC0032,ACC0648,1733957945935,DEPOSIT,2
989,9331.20,ACC0766,ACC0920,1708216593105,PAYMENT,3
990,1095.30,ACC0526,ACC0022,1726735621481,INTEREST,5
991,5337.90,ACC0960,ACC0737,1707108513662,INTEREST,1
992,5249.02,ACC0567,ACC0412,1720136450460,INTEREST,1
993,1371.90,ACC0407,ACC0022,1718116046999,PURCHASE,4
994,7439.48,ACC0281,ACC0294,1732770001859,FEE,1
995,7032.38,ACC0006,ACC0236,1732850682363,PURCHASE,1
996,3460.18,ACC0621,ACC0111,1709311190083,FEE,4
997,6126.05,ACC0619,ACC0102,1718301979218,FEE,2
998,8644.73,ACC0623,ACC0085,1712858860593,FEE,3
999,4321.21,ACC0228,ACC0396,1717173263605,PURCHASE,3
1000,9630.68,ACC0803,ACC0426,1724278806648,WITHDRAWAL,4
